{"cameraMode":{"drawMode":0,"name":"Shaded","section":"Shading Mode"},"sceneLighting":true,"audioPlay":false,"sceneViewState":{"m_AlwaysRefresh":false,"showFog":true,"showSkybox":true,"showFlares":true,"showImageEffects":true,"showParticleSystems":true,"showVisualEffectGraphs":true,"m_FxEnabled":true},"in2DMode":false,"pivot":{"x":-1.6206766366958619,"y":2.7402539253234865,"z":-6.297577857971191},"rotation":{"x":0.06744164973497391,"y":-0.014669918455183506,"z":0.0009916533017531038,"w":0.9976147413253784},"size":2.6462152004241945,"orthographic":false}